video_id,frame_id,image_path,sensor_path,label
train_vid_00,0,train\spoof_train_0000.jpg,train\spoof_train_0000.txt,0
train_vid_00,1,train\spoof_train_0001.jpg,train\spoof_train_0001.txt,0
train_vid_00,2,train\spoof_train_0002.jpg,train\spoof_train_0002.txt,0
train_vid_00,3,train\spoof_train_0003.jpg,train\spoof_train_0003.txt,0
train_vid_00,4,train\spoof_train_0004.jpg,train\spoof_train_0004.txt,0
train_vid_00,5,train\spoof_train_0005.jpg,train\spoof_train_0005.txt,0
train_vid_00,6,train\spoof_train_0006.jpg,train\spoof_train_0006.txt,0
train_vid_00,7,train\spoof_train_0007.jpg,train\spoof_train_0007.txt,0
train_vid_00,8,train\spoof_train_0008.jpg,train\spoof_train_0008.txt,0
train_vid_00,9,train\spoof_train_0009.jpg,train\spoof_train_0009.txt,0
train_vid_00,10,train\spoof_train_0010.jpg,train\spoof_train_0010.txt,0
train_vid_00,11,train\spoof_train_0011.jpg,train\spoof_train_0011.txt,0
train_vid_00,12,train\spoof_train_0012.jpg,train\spoof_train_0012.txt,0
train_vid_00,13,train\spoof_train_0013.jpg,train\spoof_train_0013.txt,0
train_vid_00,14,train\spoof_train_0014.jpg,train\spoof_train_0014.txt,0
train_vid_00,15,train\spoof_train_0015.jpg,train\spoof_train_0015.txt,0
train_vid_00,16,train\spoof_train_0016.jpg,train\spoof_train_0016.txt,0
train_vid_00,17,train\spoof_train_0017.jpg,train\spoof_train_0017.txt,0
train_vid_00,18,train\spoof_train_0018.jpg,train\spoof_train_0018.txt,0
train_vid_00,19,train\spoof_train_0019.jpg,train\spoof_train_0019.txt,0
train_vid_00,20,train\spoof_train_0020.jpg,train\spoof_train_0020.txt,0
train_vid_00,21,train\spoof_train_0021.jpg,train\spoof_train_0021.txt,0
train_vid_00,22,train\spoof_train_0022.jpg,train\spoof_train_0022.txt,0
train_vid_00,23,train\spoof_train_0023.jpg,train\spoof_train_0023.txt,0
train_vid_00,24,train\spoof_train_0024.jpg,train\spoof_train_0024.txt,0
train_vid_00,25,train\spoof_train_0025.jpg,train\spoof_train_0025.txt,0
train_vid_00,26,train\spoof_train_0026.jpg,train\spoof_train_0026.txt,0
train_vid_00,27,train\spoof_train_0027.jpg,train\spoof_train_0027.txt,0
train_vid_00,28,train\spoof_train_0028.jpg,train\spoof_train_0028.txt,0
train_vid_00,29,train\spoof_train_0029.jpg,train\spoof_train_0029.txt,0
train_vid_00,30,train\spoof_train_0030.jpg,train\spoof_train_0030.txt,0
train_vid_00,31,train\spoof_train_0031.jpg,train\spoof_train_0031.txt,0
train_vid_00,32,train\spoof_train_0032.jpg,train\spoof_train_0032.txt,0
train_vid_00,33,train\spoof_train_0033.jpg,train\spoof_train_0033.txt,0
train_vid_00,34,train\spoof_train_0034.jpg,train\spoof_train_0034.txt,0
train_vid_00,35,train\spoof_train_0035.jpg,train\spoof_train_0035.txt,0
train_vid_00,36,train\spoof_train_0036.jpg,train\spoof_train_0036.txt,0
train_vid_00,37,train\spoof_train_0037.jpg,train\spoof_train_0037.txt,0
train_vid_00,38,train\spoof_train_0038.jpg,train\spoof_train_0038.txt,0
train_vid_00,39,train\spoof_train_0039.jpg,train\spoof_train_0039.txt,0
train_vid_00,40,train\spoof_train_0040.jpg,train\spoof_train_0040.txt,0
train_vid_00,41,train\spoof_train_0041.jpg,train\spoof_train_0041.txt,0
train_vid_00,42,train\spoof_train_0042.jpg,train\spoof_train_0042.txt,0
train_vid_00,43,train\spoof_train_0043.jpg,train\spoof_train_0043.txt,0
train_vid_00,44,train\spoof_train_0044.jpg,train\spoof_train_0044.txt,0
train_vid_00,45,train\spoof_train_0045.jpg,train\spoof_train_0045.txt,0
train_vid_00,46,train\spoof_train_0046.jpg,train\spoof_train_0046.txt,0
train_vid_00,47,train\spoof_train_0047.jpg,train\spoof_train_0047.txt,0
train_vid_00,48,train\spoof_train_0048.jpg,train\spoof_train_0048.txt,0
train_vid_00,49,train\spoof_train_0049.jpg,train\spoof_train_0049.txt,0
train_vid_00,50,train\spoof_train_0050.jpg,train\spoof_train_0050.txt,0
train_vid_00,51,train\spoof_train_0051.jpg,train\spoof_train_0051.txt,0
train_vid_00,52,train\spoof_train_0052.jpg,train\spoof_train_0052.txt,0
train_vid_00,53,train\spoof_train_0053.jpg,train\spoof_train_0053.txt,0
train_vid_00,54,train\spoof_train_0054.jpg,train\spoof_train_0054.txt,0
train_vid_00,55,train\spoof_train_0055.jpg,train\spoof_train_0055.txt,0
train_vid_00,56,train\spoof_train_0056.jpg,train\spoof_train_0056.txt,0
train_vid_00,57,train\spoof_train_0057.jpg,train\spoof_train_0057.txt,0
train_vid_00,58,train\spoof_train_0058.jpg,train\spoof_train_0058.txt,0
train_vid_00,59,train\spoof_train_0059.jpg,train\spoof_train_0059.txt,0
train_vid_00,60,train\spoof_train_0060.jpg,train\spoof_train_0060.txt,0
train_vid_00,61,train\spoof_train_0061.jpg,train\spoof_train_0061.txt,0
train_vid_00,62,train\spoof_train_0062.jpg,train\spoof_train_0062.txt,0
train_vid_00,63,train\spoof_train_0063.jpg,train\spoof_train_0063.txt,0
train_vid_00,64,train\spoof_train_0064.jpg,train\spoof_train_0064.txt,0
train_vid_00,65,train\spoof_train_0065.jpg,train\spoof_train_0065.txt,0
train_vid_00,66,train\spoof_train_0066.jpg,train\spoof_train_0066.txt,0
train_vid_00,67,train\spoof_train_0067.jpg,train\spoof_train_0067.txt,0
train_vid_00,68,train\spoof_train_0068.jpg,train\spoof_train_0068.txt,0
train_vid_00,69,train\spoof_train_0069.jpg,train\spoof_train_0069.txt,0
train_vid_00,70,train\spoof_train_0070.jpg,train\spoof_train_0070.txt,0
train_vid_00,71,train\spoof_train_0071.jpg,train\spoof_train_0071.txt,0
train_vid_00,72,train\spoof_train_0072.jpg,train\spoof_train_0072.txt,0
train_vid_00,73,train\spoof_train_0073.jpg,train\spoof_train_0073.txt,0
train_vid_00,74,train\spoof_train_0074.jpg,train\spoof_train_0074.txt,0
train_vid_00,75,train\spoof_train_0075.jpg,train\spoof_train_0075.txt,0
train_vid_00,76,train\spoof_train_0076.jpg,train\spoof_train_0076.txt,0
train_vid_00,77,train\spoof_train_0077.jpg,train\spoof_train_0077.txt,0
train_vid_00,78,train\spoof_train_0078.jpg,train\spoof_train_0078.txt,0
train_vid_00,79,train\spoof_train_0079.jpg,train\spoof_train_0079.txt,0
train_vid_00,80,train\spoof_train_0080.jpg,train\spoof_train_0080.txt,0
train_vid_00,81,train\spoof_train_0081.jpg,train\spoof_train_0081.txt,0
train_vid_00,82,train\spoof_train_0082.jpg,train\spoof_train_0082.txt,0
train_vid_00,83,train\spoof_train_0083.jpg,train\spoof_train_0083.txt,0
train_vid_00,84,train\spoof_train_0084.jpg,train\spoof_train_0084.txt,0
train_vid_00,85,train\spoof_train_0085.jpg,train\spoof_train_0085.txt,0
train_vid_00,86,train\spoof_train_0086.jpg,train\spoof_train_0086.txt,0
train_vid_00,87,train\spoof_train_0087.jpg,train\spoof_train_0087.txt,0
train_vid_00,88,train\spoof_train_0088.jpg,train\spoof_train_0088.txt,0
train_vid_00,89,train\spoof_train_0089.jpg,train\spoof_train_0089.txt,0
train_vid_00,90,train\spoof_train_0090.jpg,train\spoof_train_0090.txt,0
train_vid_00,91,train\spoof_train_0091.jpg,train\spoof_train_0091.txt,0
train_vid_00,92,train\spoof_train_0092.jpg,train\spoof_train_0092.txt,0
train_vid_00,93,train\spoof_train_0093.jpg,train\spoof_train_0093.txt,0
train_vid_00,94,train\spoof_train_0094.jpg,train\spoof_train_0094.txt,0
train_vid_00,95,train\spoof_train_0095.jpg,train\spoof_train_0095.txt,0
train_vid_00,96,train\spoof_train_0096.jpg,train\spoof_train_0096.txt,0
train_vid_00,97,train\spoof_train_0097.jpg,train\spoof_train_0097.txt,0
train_vid_00,98,train\spoof_train_0098.jpg,train\spoof_train_0098.txt,0
train_vid_00,99,train\spoof_train_0099.jpg,train\spoof_train_0099.txt,0
train_vid_01,0,train\live_train_0100.jpg,train\live_train_0100.txt,1
train_vid_01,1,train\live_train_0101.jpg,train\live_train_0101.txt,1
train_vid_01,2,train\live_train_0102.jpg,train\live_train_0102.txt,1
train_vid_01,3,train\live_train_0103.jpg,train\live_train_0103.txt,1
train_vid_01,4,train\live_train_0104.jpg,train\live_train_0104.txt,1
train_vid_01,5,train\live_train_0105.jpg,train\live_train_0105.txt,1
train_vid_01,6,train\live_train_0106.jpg,train\live_train_0106.txt,1
train_vid_01,7,train\live_train_0107.jpg,train\live_train_0107.txt,1
train_vid_01,8,train\live_train_0108.jpg,train\live_train_0108.txt,1
train_vid_01,9,train\live_train_0109.jpg,train\live_train_0109.txt,1
train_vid_01,10,train\live_train_0110.jpg,train\live_train_0110.txt,1
train_vid_01,11,train\live_train_0111.jpg,train\live_train_0111.txt,1
train_vid_01,12,train\live_train_0112.jpg,train\live_train_0112.txt,1
train_vid_01,13,train\live_train_0113.jpg,train\live_train_0113.txt,1
train_vid_01,14,train\live_train_0114.jpg,train\live_train_0114.txt,1
train_vid_01,15,train\live_train_0115.jpg,train\live_train_0115.txt,1
train_vid_01,16,train\live_train_0116.jpg,train\live_train_0116.txt,1
train_vid_01,17,train\live_train_0117.jpg,train\live_train_0117.txt,1
train_vid_01,18,train\live_train_0118.jpg,train\live_train_0118.txt,1
train_vid_01,19,train\live_train_0119.jpg,train\live_train_0119.txt,1
train_vid_01,20,train\live_train_0120.jpg,train\live_train_0120.txt,1
train_vid_01,21,train\live_train_0121.jpg,train\live_train_0121.txt,1
train_vid_01,22,train\live_train_0122.jpg,train\live_train_0122.txt,1
train_vid_01,23,train\live_train_0123.jpg,train\live_train_0123.txt,1
train_vid_01,24,train\live_train_0124.jpg,train\live_train_0124.txt,1
train_vid_01,25,train\live_train_0125.jpg,train\live_train_0125.txt,1
train_vid_01,26,train\live_train_0126.jpg,train\live_train_0126.txt,1
train_vid_01,27,train\live_train_0127.jpg,train\live_train_0127.txt,1
train_vid_01,28,train\live_train_0128.jpg,train\live_train_0128.txt,1
train_vid_01,29,train\live_train_0129.jpg,train\live_train_0129.txt,1
train_vid_01,30,train\live_train_0130.jpg,train\live_train_0130.txt,1
train_vid_01,31,train\live_train_0131.jpg,train\live_train_0131.txt,1
train_vid_01,32,train\live_train_0132.jpg,train\live_train_0132.txt,1
train_vid_01,33,train\live_train_0133.jpg,train\live_train_0133.txt,1
train_vid_01,34,train\live_train_0134.jpg,train\live_train_0134.txt,1
train_vid_01,35,train\live_train_0135.jpg,train\live_train_0135.txt,1
train_vid_01,36,train\live_train_0136.jpg,train\live_train_0136.txt,1
train_vid_01,37,train\live_train_0137.jpg,train\live_train_0137.txt,1
train_vid_01,38,train\live_train_0138.jpg,train\live_train_0138.txt,1
train_vid_01,39,train\live_train_0139.jpg,train\live_train_0139.txt,1
train_vid_01,40,train\live_train_0140.jpg,train\live_train_0140.txt,1
train_vid_01,41,train\live_train_0141.jpg,train\live_train_0141.txt,1
train_vid_01,42,train\live_train_0142.jpg,train\live_train_0142.txt,1
train_vid_01,43,train\live_train_0143.jpg,train\live_train_0143.txt,1
train_vid_01,44,train\live_train_0144.jpg,train\live_train_0144.txt,1
train_vid_01,45,train\live_train_0145.jpg,train\live_train_0145.txt,1
train_vid_01,46,train\live_train_0146.jpg,train\live_train_0146.txt,1
train_vid_01,47,train\live_train_0147.jpg,train\live_train_0147.txt,1
train_vid_01,48,train\live_train_0148.jpg,train\live_train_0148.txt,1
train_vid_01,49,train\live_train_0149.jpg,train\live_train_0149.txt,1
train_vid_01,50,train\live_train_0150.jpg,train\live_train_0150.txt,1
train_vid_01,51,train\live_train_0151.jpg,train\live_train_0151.txt,1
train_vid_01,52,train\live_train_0152.jpg,train\live_train_0152.txt,1
train_vid_01,53,train\live_train_0153.jpg,train\live_train_0153.txt,1
train_vid_01,54,train\live_train_0154.jpg,train\live_train_0154.txt,1
train_vid_01,55,train\live_train_0155.jpg,train\live_train_0155.txt,1
train_vid_01,56,train\live_train_0156.jpg,train\live_train_0156.txt,1
train_vid_01,57,train\live_train_0157.jpg,train\live_train_0157.txt,1
train_vid_01,58,train\live_train_0158.jpg,train\live_train_0158.txt,1
train_vid_01,59,train\live_train_0159.jpg,train\live_train_0159.txt,1
train_vid_01,60,train\live_train_0160.jpg,train\live_train_0160.txt,1
train_vid_01,61,train\live_train_0161.jpg,train\live_train_0161.txt,1
train_vid_01,62,train\live_train_0162.jpg,train\live_train_0162.txt,1
train_vid_01,63,train\live_train_0163.jpg,train\live_train_0163.txt,1
train_vid_01,64,train\live_train_0164.jpg,train\live_train_0164.txt,1
train_vid_01,65,train\live_train_0165.jpg,train\live_train_0165.txt,1
train_vid_01,66,train\live_train_0166.jpg,train\live_train_0166.txt,1
train_vid_01,67,train\live_train_0167.jpg,train\live_train_0167.txt,1
train_vid_01,68,train\live_train_0168.jpg,train\live_train_0168.txt,1
train_vid_01,69,train\live_train_0169.jpg,train\live_train_0169.txt,1
train_vid_01,70,train\live_train_0170.jpg,train\live_train_0170.txt,1
train_vid_01,71,train\live_train_0171.jpg,train\live_train_0171.txt,1
train_vid_01,72,train\live_train_0172.jpg,train\live_train_0172.txt,1
train_vid_01,73,train\live_train_0173.jpg,train\live_train_0173.txt,1
train_vid_01,74,train\live_train_0174.jpg,train\live_train_0174.txt,1
train_vid_01,75,train\live_train_0175.jpg,train\live_train_0175.txt,1
train_vid_01,76,train\live_train_0176.jpg,train\live_train_0176.txt,1
train_vid_01,77,train\live_train_0177.jpg,train\live_train_0177.txt,1
train_vid_01,78,train\live_train_0178.jpg,train\live_train_0178.txt,1
train_vid_01,79,train\live_train_0179.jpg,train\live_train_0179.txt,1
train_vid_01,80,train\live_train_0180.jpg,train\live_train_0180.txt,1
train_vid_01,81,train\live_train_0181.jpg,train\live_train_0181.txt,1
train_vid_01,82,train\live_train_0182.jpg,train\live_train_0182.txt,1
train_vid_01,83,train\live_train_0183.jpg,train\live_train_0183.txt,1
train_vid_01,84,train\live_train_0184.jpg,train\live_train_0184.txt,1
train_vid_01,85,train\live_train_0185.jpg,train\live_train_0185.txt,1
train_vid_01,86,train\live_train_0186.jpg,train\live_train_0186.txt,1
train_vid_01,87,train\live_train_0187.jpg,train\live_train_0187.txt,1
train_vid_01,88,train\live_train_0188.jpg,train\live_train_0188.txt,1
train_vid_01,89,train\live_train_0189.jpg,train\live_train_0189.txt,1
train_vid_01,90,train\live_train_0190.jpg,train\live_train_0190.txt,1
train_vid_01,91,train\live_train_0191.jpg,train\live_train_0191.txt,1
train_vid_01,92,train\live_train_0192.jpg,train\live_train_0192.txt,1
train_vid_01,93,train\live_train_0193.jpg,train\live_train_0193.txt,1
train_vid_01,94,train\live_train_0194.jpg,train\live_train_0194.txt,1
train_vid_01,95,train\live_train_0195.jpg,train\live_train_0195.txt,1
train_vid_01,96,train\live_train_0196.jpg,train\live_train_0196.txt,1
train_vid_01,97,train\live_train_0197.jpg,train\live_train_0197.txt,1
train_vid_01,98,train\live_train_0198.jpg,train\live_train_0198.txt,1
train_vid_01,99,train\live_train_0199.jpg,train\live_train_0199.txt,1
train_vid_02,0,train\spoof_train_0200.jpg,train\spoof_train_0200.txt,0
train_vid_02,1,train\spoof_train_0201.jpg,train\spoof_train_0201.txt,0
train_vid_02,2,train\spoof_train_0202.jpg,train\spoof_train_0202.txt,0
train_vid_02,3,train\spoof_train_0203.jpg,train\spoof_train_0203.txt,0
train_vid_02,4,train\spoof_train_0204.jpg,train\spoof_train_0204.txt,0
train_vid_02,5,train\spoof_train_0205.jpg,train\spoof_train_0205.txt,0
train_vid_02,6,train\spoof_train_0206.jpg,train\spoof_train_0206.txt,0
train_vid_02,7,train\spoof_train_0207.jpg,train\spoof_train_0207.txt,0
train_vid_02,8,train\spoof_train_0208.jpg,train\spoof_train_0208.txt,0
train_vid_02,9,train\spoof_train_0209.jpg,train\spoof_train_0209.txt,0
train_vid_02,10,train\spoof_train_0210.jpg,train\spoof_train_0210.txt,0
train_vid_02,11,train\spoof_train_0211.jpg,train\spoof_train_0211.txt,0
train_vid_02,12,train\spoof_train_0212.jpg,train\spoof_train_0212.txt,0
train_vid_02,13,train\spoof_train_0213.jpg,train\spoof_train_0213.txt,0
train_vid_02,14,train\spoof_train_0214.jpg,train\spoof_train_0214.txt,0
train_vid_02,15,train\spoof_train_0215.jpg,train\spoof_train_0215.txt,0
train_vid_02,16,train\spoof_train_0216.jpg,train\spoof_train_0216.txt,0
train_vid_02,17,train\spoof_train_0217.jpg,train\spoof_train_0217.txt,0
train_vid_02,18,train\spoof_train_0218.jpg,train\spoof_train_0218.txt,0
train_vid_02,19,train\spoof_train_0219.jpg,train\spoof_train_0219.txt,0
train_vid_02,20,train\spoof_train_0220.jpg,train\spoof_train_0220.txt,0
train_vid_02,21,train\spoof_train_0221.jpg,train\spoof_train_0221.txt,0
train_vid_02,22,train\spoof_train_0222.jpg,train\spoof_train_0222.txt,0
train_vid_02,23,train\spoof_train_0223.jpg,train\spoof_train_0223.txt,0
train_vid_02,24,train\spoof_train_0224.jpg,train\spoof_train_0224.txt,0
train_vid_02,25,train\spoof_train_0225.jpg,train\spoof_train_0225.txt,0
train_vid_02,26,train\spoof_train_0226.jpg,train\spoof_train_0226.txt,0
train_vid_02,27,train\spoof_train_0227.jpg,train\spoof_train_0227.txt,0
train_vid_02,28,train\spoof_train_0228.jpg,train\spoof_train_0228.txt,0
train_vid_02,29,train\spoof_train_0229.jpg,train\spoof_train_0229.txt,0
train_vid_02,30,train\spoof_train_0230.jpg,train\spoof_train_0230.txt,0
train_vid_02,31,train\spoof_train_0231.jpg,train\spoof_train_0231.txt,0
train_vid_02,32,train\spoof_train_0232.jpg,train\spoof_train_0232.txt,0
train_vid_02,33,train\spoof_train_0233.jpg,train\spoof_train_0233.txt,0
train_vid_02,34,train\spoof_train_0234.jpg,train\spoof_train_0234.txt,0
train_vid_02,35,train\spoof_train_0235.jpg,train\spoof_train_0235.txt,0
train_vid_02,36,train\spoof_train_0236.jpg,train\spoof_train_0236.txt,0
train_vid_02,37,train\spoof_train_0237.jpg,train\spoof_train_0237.txt,0
train_vid_02,38,train\spoof_train_0238.jpg,train\spoof_train_0238.txt,0
train_vid_02,39,train\spoof_train_0239.jpg,train\spoof_train_0239.txt,0
train_vid_02,40,train\spoof_train_0240.jpg,train\spoof_train_0240.txt,0
train_vid_02,41,train\spoof_train_0241.jpg,train\spoof_train_0241.txt,0
train_vid_02,42,train\spoof_train_0242.jpg,train\spoof_train_0242.txt,0
train_vid_02,43,train\spoof_train_0243.jpg,train\spoof_train_0243.txt,0
train_vid_02,44,train\spoof_train_0244.jpg,train\spoof_train_0244.txt,0
train_vid_02,45,train\spoof_train_0245.jpg,train\spoof_train_0245.txt,0
train_vid_02,46,train\spoof_train_0246.jpg,train\spoof_train_0246.txt,0
train_vid_02,47,train\spoof_train_0247.jpg,train\spoof_train_0247.txt,0
train_vid_02,48,train\spoof_train_0248.jpg,train\spoof_train_0248.txt,0
train_vid_02,49,train\spoof_train_0249.jpg,train\spoof_train_0249.txt,0
train_vid_02,50,train\spoof_train_0250.jpg,train\spoof_train_0250.txt,0
train_vid_02,51,train\spoof_train_0251.jpg,train\spoof_train_0251.txt,0
train_vid_02,52,train\spoof_train_0252.jpg,train\spoof_train_0252.txt,0
train_vid_02,53,train\spoof_train_0253.jpg,train\spoof_train_0253.txt,0
train_vid_02,54,train\spoof_train_0254.jpg,train\spoof_train_0254.txt,0
train_vid_02,55,train\spoof_train_0255.jpg,train\spoof_train_0255.txt,0
train_vid_02,56,train\spoof_train_0256.jpg,train\spoof_train_0256.txt,0
train_vid_02,57,train\spoof_train_0257.jpg,train\spoof_train_0257.txt,0
train_vid_02,58,train\spoof_train_0258.jpg,train\spoof_train_0258.txt,0
train_vid_02,59,train\spoof_train_0259.jpg,train\spoof_train_0259.txt,0
train_vid_02,60,train\spoof_train_0260.jpg,train\spoof_train_0260.txt,0
train_vid_02,61,train\spoof_train_0261.jpg,train\spoof_train_0261.txt,0
train_vid_02,62,train\spoof_train_0262.jpg,train\spoof_train_0262.txt,0
train_vid_02,63,train\spoof_train_0263.jpg,train\spoof_train_0263.txt,0
train_vid_02,64,train\spoof_train_0264.jpg,train\spoof_train_0264.txt,0
train_vid_02,65,train\spoof_train_0265.jpg,train\spoof_train_0265.txt,0
train_vid_02,66,train\spoof_train_0266.jpg,train\spoof_train_0266.txt,0
train_vid_02,67,train\spoof_train_0267.jpg,train\spoof_train_0267.txt,0
train_vid_02,68,train\spoof_train_0268.jpg,train\spoof_train_0268.txt,0
train_vid_02,69,train\spoof_train_0269.jpg,train\spoof_train_0269.txt,0
train_vid_02,70,train\spoof_train_0270.jpg,train\spoof_train_0270.txt,0
train_vid_02,71,train\spoof_train_0271.jpg,train\spoof_train_0271.txt,0
train_vid_02,72,train\spoof_train_0272.jpg,train\spoof_train_0272.txt,0
train_vid_02,73,train\spoof_train_0273.jpg,train\spoof_train_0273.txt,0
train_vid_02,74,train\spoof_train_0274.jpg,train\spoof_train_0274.txt,0
train_vid_02,75,train\spoof_train_0275.jpg,train\spoof_train_0275.txt,0
train_vid_02,76,train\spoof_train_0276.jpg,train\spoof_train_0276.txt,0
train_vid_02,77,train\spoof_train_0277.jpg,train\spoof_train_0277.txt,0
train_vid_02,78,train\spoof_train_0278.jpg,train\spoof_train_0278.txt,0
train_vid_02,79,train\spoof_train_0279.jpg,train\spoof_train_0279.txt,0
train_vid_02,80,train\spoof_train_0280.jpg,train\spoof_train_0280.txt,0
train_vid_02,81,train\spoof_train_0281.jpg,train\spoof_train_0281.txt,0
train_vid_02,82,train\spoof_train_0282.jpg,train\spoof_train_0282.txt,0
train_vid_02,83,train\spoof_train_0283.jpg,train\spoof_train_0283.txt,0
train_vid_02,84,train\spoof_train_0284.jpg,train\spoof_train_0284.txt,0
train_vid_02,85,train\spoof_train_0285.jpg,train\spoof_train_0285.txt,0
train_vid_02,86,train\spoof_train_0286.jpg,train\spoof_train_0286.txt,0
train_vid_02,87,train\spoof_train_0287.jpg,train\spoof_train_0287.txt,0
train_vid_02,88,train\spoof_train_0288.jpg,train\spoof_train_0288.txt,0
train_vid_02,89,train\spoof_train_0289.jpg,train\spoof_train_0289.txt,0
train_vid_02,90,train\spoof_train_0290.jpg,train\spoof_train_0290.txt,0
train_vid_02,91,train\spoof_train_0291.jpg,train\spoof_train_0291.txt,0
train_vid_02,92,train\spoof_train_0292.jpg,train\spoof_train_0292.txt,0
train_vid_02,93,train\spoof_train_0293.jpg,train\spoof_train_0293.txt,0
train_vid_02,94,train\spoof_train_0294.jpg,train\spoof_train_0294.txt,0
train_vid_02,95,train\spoof_train_0295.jpg,train\spoof_train_0295.txt,0
train_vid_02,96,train\spoof_train_0296.jpg,train\spoof_train_0296.txt,0
train_vid_02,97,train\spoof_train_0297.jpg,train\spoof_train_0297.txt,0
train_vid_02,98,train\spoof_train_0298.jpg,train\spoof_train_0298.txt,0
train_vid_02,99,train\spoof_train_0299.jpg,train\spoof_train_0299.txt,0
train_vid_03,0,train\live_train_0300.jpg,train\live_train_0300.txt,1
train_vid_03,1,train\live_train_0301.jpg,train\live_train_0301.txt,1
train_vid_03,2,train\live_train_0302.jpg,train\live_train_0302.txt,1
train_vid_03,3,train\live_train_0303.jpg,train\live_train_0303.txt,1
train_vid_03,4,train\live_train_0304.jpg,train\live_train_0304.txt,1
train_vid_03,5,train\live_train_0305.jpg,train\live_train_0305.txt,1
train_vid_03,6,train\live_train_0306.jpg,train\live_train_0306.txt,1
train_vid_03,7,train\live_train_0307.jpg,train\live_train_0307.txt,1
train_vid_03,8,train\live_train_0308.jpg,train\live_train_0308.txt,1
train_vid_03,9,train\live_train_0309.jpg,train\live_train_0309.txt,1
train_vid_03,10,train\live_train_0310.jpg,train\live_train_0310.txt,1
train_vid_03,11,train\live_train_0311.jpg,train\live_train_0311.txt,1
train_vid_03,12,train\live_train_0312.jpg,train\live_train_0312.txt,1
train_vid_03,13,train\live_train_0313.jpg,train\live_train_0313.txt,1
train_vid_03,14,train\live_train_0314.jpg,train\live_train_0314.txt,1
train_vid_03,15,train\live_train_0315.jpg,train\live_train_0315.txt,1
train_vid_03,16,train\live_train_0316.jpg,train\live_train_0316.txt,1
train_vid_03,17,train\live_train_0317.jpg,train\live_train_0317.txt,1
train_vid_03,18,train\live_train_0318.jpg,train\live_train_0318.txt,1
train_vid_03,19,train\live_train_0319.jpg,train\live_train_0319.txt,1
train_vid_03,20,train\live_train_0320.jpg,train\live_train_0320.txt,1
train_vid_03,21,train\live_train_0321.jpg,train\live_train_0321.txt,1
train_vid_03,22,train\live_train_0322.jpg,train\live_train_0322.txt,1
train_vid_03,23,train\live_train_0323.jpg,train\live_train_0323.txt,1
train_vid_03,24,train\live_train_0324.jpg,train\live_train_0324.txt,1
train_vid_03,25,train\live_train_0325.jpg,train\live_train_0325.txt,1
train_vid_03,26,train\live_train_0326.jpg,train\live_train_0326.txt,1
train_vid_03,27,train\live_train_0327.jpg,train\live_train_0327.txt,1
train_vid_03,28,train\live_train_0328.jpg,train\live_train_0328.txt,1
train_vid_03,29,train\live_train_0329.jpg,train\live_train_0329.txt,1
train_vid_03,30,train\live_train_0330.jpg,train\live_train_0330.txt,1
train_vid_03,31,train\live_train_0331.jpg,train\live_train_0331.txt,1
train_vid_03,32,train\live_train_0332.jpg,train\live_train_0332.txt,1
train_vid_03,33,train\live_train_0333.jpg,train\live_train_0333.txt,1
train_vid_03,34,train\live_train_0334.jpg,train\live_train_0334.txt,1
train_vid_03,35,train\live_train_0335.jpg,train\live_train_0335.txt,1
train_vid_03,36,train\live_train_0336.jpg,train\live_train_0336.txt,1
train_vid_03,37,train\live_train_0337.jpg,train\live_train_0337.txt,1
train_vid_03,38,train\live_train_0338.jpg,train\live_train_0338.txt,1
train_vid_03,39,train\live_train_0339.jpg,train\live_train_0339.txt,1
train_vid_03,40,train\live_train_0340.jpg,train\live_train_0340.txt,1
train_vid_03,41,train\live_train_0341.jpg,train\live_train_0341.txt,1
train_vid_03,42,train\live_train_0342.jpg,train\live_train_0342.txt,1
train_vid_03,43,train\live_train_0343.jpg,train\live_train_0343.txt,1
train_vid_03,44,train\live_train_0344.jpg,train\live_train_0344.txt,1
train_vid_03,45,train\live_train_0345.jpg,train\live_train_0345.txt,1
train_vid_03,46,train\live_train_0346.jpg,train\live_train_0346.txt,1
train_vid_03,47,train\live_train_0347.jpg,train\live_train_0347.txt,1
train_vid_03,48,train\live_train_0348.jpg,train\live_train_0348.txt,1
train_vid_03,49,train\live_train_0349.jpg,train\live_train_0349.txt,1
train_vid_03,50,train\live_train_0350.jpg,train\live_train_0350.txt,1
train_vid_03,51,train\live_train_0351.jpg,train\live_train_0351.txt,1
train_vid_03,52,train\live_train_0352.jpg,train\live_train_0352.txt,1
train_vid_03,53,train\live_train_0353.jpg,train\live_train_0353.txt,1
train_vid_03,54,train\live_train_0354.jpg,train\live_train_0354.txt,1
train_vid_03,55,train\live_train_0355.jpg,train\live_train_0355.txt,1
train_vid_03,56,train\live_train_0356.jpg,train\live_train_0356.txt,1
train_vid_03,57,train\live_train_0357.jpg,train\live_train_0357.txt,1
train_vid_03,58,train\live_train_0358.jpg,train\live_train_0358.txt,1
train_vid_03,59,train\live_train_0359.jpg,train\live_train_0359.txt,1
train_vid_03,60,train\live_train_0360.jpg,train\live_train_0360.txt,1
train_vid_03,61,train\live_train_0361.jpg,train\live_train_0361.txt,1
train_vid_03,62,train\live_train_0362.jpg,train\live_train_0362.txt,1
train_vid_03,63,train\live_train_0363.jpg,train\live_train_0363.txt,1
train_vid_03,64,train\live_train_0364.jpg,train\live_train_0364.txt,1
train_vid_03,65,train\live_train_0365.jpg,train\live_train_0365.txt,1
train_vid_03,66,train\live_train_0366.jpg,train\live_train_0366.txt,1
train_vid_03,67,train\live_train_0367.jpg,train\live_train_0367.txt,1
train_vid_03,68,train\live_train_0368.jpg,train\live_train_0368.txt,1
train_vid_03,69,train\live_train_0369.jpg,train\live_train_0369.txt,1
train_vid_03,70,train\live_train_0370.jpg,train\live_train_0370.txt,1
train_vid_03,71,train\live_train_0371.jpg,train\live_train_0371.txt,1
train_vid_03,72,train\live_train_0372.jpg,train\live_train_0372.txt,1
train_vid_03,73,train\live_train_0373.jpg,train\live_train_0373.txt,1
train_vid_03,74,train\live_train_0374.jpg,train\live_train_0374.txt,1
train_vid_03,75,train\live_train_0375.jpg,train\live_train_0375.txt,1
train_vid_03,76,train\live_train_0376.jpg,train\live_train_0376.txt,1
train_vid_03,77,train\live_train_0377.jpg,train\live_train_0377.txt,1
train_vid_03,78,train\live_train_0378.jpg,train\live_train_0378.txt,1
train_vid_03,79,train\live_train_0379.jpg,train\live_train_0379.txt,1
train_vid_03,80,train\live_train_0380.jpg,train\live_train_0380.txt,1
train_vid_03,81,train\live_train_0381.jpg,train\live_train_0381.txt,1
train_vid_03,82,train\live_train_0382.jpg,train\live_train_0382.txt,1
train_vid_03,83,train\live_train_0383.jpg,train\live_train_0383.txt,1
train_vid_03,84,train\live_train_0384.jpg,train\live_train_0384.txt,1
train_vid_03,85,train\live_train_0385.jpg,train\live_train_0385.txt,1
train_vid_03,86,train\live_train_0386.jpg,train\live_train_0386.txt,1
train_vid_03,87,train\live_train_0387.jpg,train\live_train_0387.txt,1
train_vid_03,88,train\live_train_0388.jpg,train\live_train_0388.txt,1
train_vid_03,89,train\live_train_0389.jpg,train\live_train_0389.txt,1
train_vid_03,90,train\live_train_0390.jpg,train\live_train_0390.txt,1
train_vid_03,91,train\live_train_0391.jpg,train\live_train_0391.txt,1
train_vid_03,92,train\live_train_0392.jpg,train\live_train_0392.txt,1
train_vid_03,93,train\live_train_0393.jpg,train\live_train_0393.txt,1
train_vid_03,94,train\live_train_0394.jpg,train\live_train_0394.txt,1
train_vid_03,95,train\live_train_0395.jpg,train\live_train_0395.txt,1
train_vid_03,96,train\live_train_0396.jpg,train\live_train_0396.txt,1
train_vid_03,97,train\live_train_0397.jpg,train\live_train_0397.txt,1
train_vid_03,98,train\live_train_0398.jpg,train\live_train_0398.txt,1
train_vid_03,99,train\live_train_0399.jpg,train\live_train_0399.txt,1
train_vid_04,0,train\spoof_train_0400.jpg,train\spoof_train_0400.txt,0
train_vid_04,1,train\spoof_train_0401.jpg,train\spoof_train_0401.txt,0
train_vid_04,2,train\spoof_train_0402.jpg,train\spoof_train_0402.txt,0
train_vid_04,3,train\spoof_train_0403.jpg,train\spoof_train_0403.txt,0
train_vid_04,4,train\spoof_train_0404.jpg,train\spoof_train_0404.txt,0
train_vid_04,5,train\spoof_train_0405.jpg,train\spoof_train_0405.txt,0
train_vid_04,6,train\spoof_train_0406.jpg,train\spoof_train_0406.txt,0
train_vid_04,7,train\spoof_train_0407.jpg,train\spoof_train_0407.txt,0
train_vid_04,8,train\spoof_train_0408.jpg,train\spoof_train_0408.txt,0
train_vid_04,9,train\spoof_train_0409.jpg,train\spoof_train_0409.txt,0
train_vid_04,10,train\spoof_train_0410.jpg,train\spoof_train_0410.txt,0
train_vid_04,11,train\spoof_train_0411.jpg,train\spoof_train_0411.txt,0
train_vid_04,12,train\spoof_train_0412.jpg,train\spoof_train_0412.txt,0
train_vid_04,13,train\spoof_train_0413.jpg,train\spoof_train_0413.txt,0
train_vid_04,14,train\spoof_train_0414.jpg,train\spoof_train_0414.txt,0
train_vid_04,15,train\spoof_train_0415.jpg,train\spoof_train_0415.txt,0
train_vid_04,16,train\spoof_train_0416.jpg,train\spoof_train_0416.txt,0
train_vid_04,17,train\spoof_train_0417.jpg,train\spoof_train_0417.txt,0
train_vid_04,18,train\spoof_train_0418.jpg,train\spoof_train_0418.txt,0
train_vid_04,19,train\spoof_train_0419.jpg,train\spoof_train_0419.txt,0
train_vid_04,20,train\spoof_train_0420.jpg,train\spoof_train_0420.txt,0
train_vid_04,21,train\spoof_train_0421.jpg,train\spoof_train_0421.txt,0
train_vid_04,22,train\spoof_train_0422.jpg,train\spoof_train_0422.txt,0
train_vid_04,23,train\spoof_train_0423.jpg,train\spoof_train_0423.txt,0
train_vid_04,24,train\spoof_train_0424.jpg,train\spoof_train_0424.txt,0
train_vid_04,25,train\spoof_train_0425.jpg,train\spoof_train_0425.txt,0
train_vid_04,26,train\spoof_train_0426.jpg,train\spoof_train_0426.txt,0
train_vid_04,27,train\spoof_train_0427.jpg,train\spoof_train_0427.txt,0
train_vid_04,28,train\spoof_train_0428.jpg,train\spoof_train_0428.txt,0
train_vid_04,29,train\spoof_train_0429.jpg,train\spoof_train_0429.txt,0
train_vid_04,30,train\spoof_train_0430.jpg,train\spoof_train_0430.txt,0
train_vid_04,31,train\spoof_train_0431.jpg,train\spoof_train_0431.txt,0
train_vid_04,32,train\spoof_train_0432.jpg,train\spoof_train_0432.txt,0
train_vid_04,33,train\spoof_train_0433.jpg,train\spoof_train_0433.txt,0
train_vid_04,34,train\spoof_train_0434.jpg,train\spoof_train_0434.txt,0
train_vid_04,35,train\spoof_train_0435.jpg,train\spoof_train_0435.txt,0
train_vid_04,36,train\spoof_train_0436.jpg,train\spoof_train_0436.txt,0
train_vid_04,37,train\spoof_train_0437.jpg,train\spoof_train_0437.txt,0
train_vid_04,38,train\spoof_train_0438.jpg,train\spoof_train_0438.txt,0
train_vid_04,39,train\spoof_train_0439.jpg,train\spoof_train_0439.txt,0
train_vid_04,40,train\spoof_train_0440.jpg,train\spoof_train_0440.txt,0
train_vid_04,41,train\spoof_train_0441.jpg,train\spoof_train_0441.txt,0
train_vid_04,42,train\spoof_train_0442.jpg,train\spoof_train_0442.txt,0
train_vid_04,43,train\spoof_train_0443.jpg,train\spoof_train_0443.txt,0
train_vid_04,44,train\spoof_train_0444.jpg,train\spoof_train_0444.txt,0
train_vid_04,45,train\spoof_train_0445.jpg,train\spoof_train_0445.txt,0
train_vid_04,46,train\spoof_train_0446.jpg,train\spoof_train_0446.txt,0
train_vid_04,47,train\spoof_train_0447.jpg,train\spoof_train_0447.txt,0
train_vid_04,48,train\spoof_train_0448.jpg,train\spoof_train_0448.txt,0
train_vid_04,49,train\spoof_train_0449.jpg,train\spoof_train_0449.txt,0
train_vid_04,50,train\spoof_train_0450.jpg,train\spoof_train_0450.txt,0
train_vid_04,51,train\spoof_train_0451.jpg,train\spoof_train_0451.txt,0
train_vid_04,52,train\spoof_train_0452.jpg,train\spoof_train_0452.txt,0
train_vid_04,53,train\spoof_train_0453.jpg,train\spoof_train_0453.txt,0
train_vid_04,54,train\spoof_train_0454.jpg,train\spoof_train_0454.txt,0
train_vid_04,55,train\spoof_train_0455.jpg,train\spoof_train_0455.txt,0
train_vid_04,56,train\spoof_train_0456.jpg,train\spoof_train_0456.txt,0
train_vid_04,57,train\spoof_train_0457.jpg,train\spoof_train_0457.txt,0
train_vid_04,58,train\spoof_train_0458.jpg,train\spoof_train_0458.txt,0
train_vid_04,59,train\spoof_train_0459.jpg,train\spoof_train_0459.txt,0
train_vid_04,60,train\spoof_train_0460.jpg,train\spoof_train_0460.txt,0
train_vid_04,61,train\spoof_train_0461.jpg,train\spoof_train_0461.txt,0
train_vid_04,62,train\spoof_train_0462.jpg,train\spoof_train_0462.txt,0
train_vid_04,63,train\spoof_train_0463.jpg,train\spoof_train_0463.txt,0
train_vid_04,64,train\spoof_train_0464.jpg,train\spoof_train_0464.txt,0
train_vid_04,65,train\spoof_train_0465.jpg,train\spoof_train_0465.txt,0
train_vid_04,66,train\spoof_train_0466.jpg,train\spoof_train_0466.txt,0
train_vid_04,67,train\spoof_train_0467.jpg,train\spoof_train_0467.txt,0
train_vid_04,68,train\spoof_train_0468.jpg,train\spoof_train_0468.txt,0
train_vid_04,69,train\spoof_train_0469.jpg,train\spoof_train_0469.txt,0
train_vid_04,70,train\spoof_train_0470.jpg,train\spoof_train_0470.txt,0
train_vid_04,71,train\spoof_train_0471.jpg,train\spoof_train_0471.txt,0
train_vid_04,72,train\spoof_train_0472.jpg,train\spoof_train_0472.txt,0
train_vid_04,73,train\spoof_train_0473.jpg,train\spoof_train_0473.txt,0
train_vid_04,74,train\spoof_train_0474.jpg,train\spoof_train_0474.txt,0
train_vid_04,75,train\spoof_train_0475.jpg,train\spoof_train_0475.txt,0
train_vid_04,76,train\spoof_train_0476.jpg,train\spoof_train_0476.txt,0
train_vid_04,77,train\spoof_train_0477.jpg,train\spoof_train_0477.txt,0
train_vid_04,78,train\spoof_train_0478.jpg,train\spoof_train_0478.txt,0
train_vid_04,79,train\spoof_train_0479.jpg,train\spoof_train_0479.txt,0
train_vid_04,80,train\spoof_train_0480.jpg,train\spoof_train_0480.txt,0
train_vid_04,81,train\spoof_train_0481.jpg,train\spoof_train_0481.txt,0
train_vid_04,82,train\spoof_train_0482.jpg,train\spoof_train_0482.txt,0
train_vid_04,83,train\spoof_train_0483.jpg,train\spoof_train_0483.txt,0
train_vid_04,84,train\spoof_train_0484.jpg,train\spoof_train_0484.txt,0
train_vid_04,85,train\spoof_train_0485.jpg,train\spoof_train_0485.txt,0
train_vid_04,86,train\spoof_train_0486.jpg,train\spoof_train_0486.txt,0
train_vid_04,87,train\spoof_train_0487.jpg,train\spoof_train_0487.txt,0
train_vid_04,88,train\spoof_train_0488.jpg,train\spoof_train_0488.txt,0
train_vid_04,89,train\spoof_train_0489.jpg,train\spoof_train_0489.txt,0
train_vid_04,90,train\spoof_train_0490.jpg,train\spoof_train_0490.txt,0
train_vid_04,91,train\spoof_train_0491.jpg,train\spoof_train_0491.txt,0
train_vid_04,92,train\spoof_train_0492.jpg,train\spoof_train_0492.txt,0
train_vid_04,93,train\spoof_train_0493.jpg,train\spoof_train_0493.txt,0
train_vid_04,94,train\spoof_train_0494.jpg,train\spoof_train_0494.txt,0
train_vid_04,95,train\spoof_train_0495.jpg,train\spoof_train_0495.txt,0
train_vid_04,96,train\spoof_train_0496.jpg,train\spoof_train_0496.txt,0
train_vid_04,97,train\spoof_train_0497.jpg,train\spoof_train_0497.txt,0
train_vid_04,98,train\spoof_train_0498.jpg,train\spoof_train_0498.txt,0
train_vid_04,99,train\spoof_train_0499.jpg,train\spoof_train_0499.txt,0
train_vid_05,0,train\live_train_0500.jpg,train\live_train_0500.txt,1
train_vid_05,1,train\live_train_0501.jpg,train\live_train_0501.txt,1
train_vid_05,2,train\live_train_0502.jpg,train\live_train_0502.txt,1
train_vid_05,3,train\live_train_0503.jpg,train\live_train_0503.txt,1
train_vid_05,4,train\live_train_0504.jpg,train\live_train_0504.txt,1
train_vid_05,5,train\live_train_0505.jpg,train\live_train_0505.txt,1
train_vid_05,6,train\live_train_0506.jpg,train\live_train_0506.txt,1
train_vid_05,7,train\live_train_0507.jpg,train\live_train_0507.txt,1
train_vid_05,8,train\live_train_0508.jpg,train\live_train_0508.txt,1
train_vid_05,9,train\live_train_0509.jpg,train\live_train_0509.txt,1
train_vid_05,10,train\live_train_0510.jpg,train\live_train_0510.txt,1
train_vid_05,11,train\live_train_0511.jpg,train\live_train_0511.txt,1
train_vid_05,12,train\live_train_0512.jpg,train\live_train_0512.txt,1
train_vid_05,13,train\live_train_0513.jpg,train\live_train_0513.txt,1
train_vid_05,14,train\live_train_0514.jpg,train\live_train_0514.txt,1
train_vid_05,15,train\live_train_0515.jpg,train\live_train_0515.txt,1
train_vid_05,16,train\live_train_0516.jpg,train\live_train_0516.txt,1
train_vid_05,17,train\live_train_0517.jpg,train\live_train_0517.txt,1
train_vid_05,18,train\live_train_0518.jpg,train\live_train_0518.txt,1
train_vid_05,19,train\live_train_0519.jpg,train\live_train_0519.txt,1
train_vid_05,20,train\live_train_0520.jpg,train\live_train_0520.txt,1
train_vid_05,21,train\live_train_0521.jpg,train\live_train_0521.txt,1
train_vid_05,22,train\live_train_0522.jpg,train\live_train_0522.txt,1
train_vid_05,23,train\live_train_0523.jpg,train\live_train_0523.txt,1
train_vid_05,24,train\live_train_0524.jpg,train\live_train_0524.txt,1
train_vid_05,25,train\live_train_0525.jpg,train\live_train_0525.txt,1
train_vid_05,26,train\live_train_0526.jpg,train\live_train_0526.txt,1
train_vid_05,27,train\live_train_0527.jpg,train\live_train_0527.txt,1
train_vid_05,28,train\live_train_0528.jpg,train\live_train_0528.txt,1
train_vid_05,29,train\live_train_0529.jpg,train\live_train_0529.txt,1
train_vid_05,30,train\live_train_0530.jpg,train\live_train_0530.txt,1
train_vid_05,31,train\live_train_0531.jpg,train\live_train_0531.txt,1
train_vid_05,32,train\live_train_0532.jpg,train\live_train_0532.txt,1
train_vid_05,33,train\live_train_0533.jpg,train\live_train_0533.txt,1
train_vid_05,34,train\live_train_0534.jpg,train\live_train_0534.txt,1
train_vid_05,35,train\live_train_0535.jpg,train\live_train_0535.txt,1
train_vid_05,36,train\live_train_0536.jpg,train\live_train_0536.txt,1
train_vid_05,37,train\live_train_0537.jpg,train\live_train_0537.txt,1
train_vid_05,38,train\live_train_0538.jpg,train\live_train_0538.txt,1
train_vid_05,39,train\live_train_0539.jpg,train\live_train_0539.txt,1
train_vid_05,40,train\live_train_0540.jpg,train\live_train_0540.txt,1
train_vid_05,41,train\live_train_0541.jpg,train\live_train_0541.txt,1
train_vid_05,42,train\live_train_0542.jpg,train\live_train_0542.txt,1
train_vid_05,43,train\live_train_0543.jpg,train\live_train_0543.txt,1
train_vid_05,44,train\live_train_0544.jpg,train\live_train_0544.txt,1
train_vid_05,45,train\live_train_0545.jpg,train\live_train_0545.txt,1
train_vid_05,46,train\live_train_0546.jpg,train\live_train_0546.txt,1
train_vid_05,47,train\live_train_0547.jpg,train\live_train_0547.txt,1
train_vid_05,48,train\live_train_0548.jpg,train\live_train_0548.txt,1
train_vid_05,49,train\live_train_0549.jpg,train\live_train_0549.txt,1
train_vid_05,50,train\live_train_0550.jpg,train\live_train_0550.txt,1
train_vid_05,51,train\live_train_0551.jpg,train\live_train_0551.txt,1
train_vid_05,52,train\live_train_0552.jpg,train\live_train_0552.txt,1
train_vid_05,53,train\live_train_0553.jpg,train\live_train_0553.txt,1
train_vid_05,54,train\live_train_0554.jpg,train\live_train_0554.txt,1
train_vid_05,55,train\live_train_0555.jpg,train\live_train_0555.txt,1
train_vid_05,56,train\live_train_0556.jpg,train\live_train_0556.txt,1
train_vid_05,57,train\live_train_0557.jpg,train\live_train_0557.txt,1
train_vid_05,58,train\live_train_0558.jpg,train\live_train_0558.txt,1
train_vid_05,59,train\live_train_0559.jpg,train\live_train_0559.txt,1
train_vid_05,60,train\live_train_0560.jpg,train\live_train_0560.txt,1
train_vid_05,61,train\live_train_0561.jpg,train\live_train_0561.txt,1
train_vid_05,62,train\live_train_0562.jpg,train\live_train_0562.txt,1
train_vid_05,63,train\live_train_0563.jpg,train\live_train_0563.txt,1
train_vid_05,64,train\live_train_0564.jpg,train\live_train_0564.txt,1
train_vid_05,65,train\live_train_0565.jpg,train\live_train_0565.txt,1
train_vid_05,66,train\live_train_0566.jpg,train\live_train_0566.txt,1
train_vid_05,67,train\live_train_0567.jpg,train\live_train_0567.txt,1
train_vid_05,68,train\live_train_0568.jpg,train\live_train_0568.txt,1
train_vid_05,69,train\live_train_0569.jpg,train\live_train_0569.txt,1
train_vid_05,70,train\live_train_0570.jpg,train\live_train_0570.txt,1
train_vid_05,71,train\live_train_0571.jpg,train\live_train_0571.txt,1
train_vid_05,72,train\live_train_0572.jpg,train\live_train_0572.txt,1
train_vid_05,73,train\live_train_0573.jpg,train\live_train_0573.txt,1
train_vid_05,74,train\live_train_0574.jpg,train\live_train_0574.txt,1
train_vid_05,75,train\live_train_0575.jpg,train\live_train_0575.txt,1
train_vid_05,76,train\live_train_0576.jpg,train\live_train_0576.txt,1
train_vid_05,77,train\live_train_0577.jpg,train\live_train_0577.txt,1
train_vid_05,78,train\live_train_0578.jpg,train\live_train_0578.txt,1
train_vid_05,79,train\live_train_0579.jpg,train\live_train_0579.txt,1
train_vid_05,80,train\live_train_0580.jpg,train\live_train_0580.txt,1
train_vid_05,81,train\live_train_0581.jpg,train\live_train_0581.txt,1
train_vid_05,82,train\live_train_0582.jpg,train\live_train_0582.txt,1
train_vid_05,83,train\live_train_0583.jpg,train\live_train_0583.txt,1
train_vid_05,84,train\live_train_0584.jpg,train\live_train_0584.txt,1
train_vid_05,85,train\live_train_0585.jpg,train\live_train_0585.txt,1
train_vid_05,86,train\live_train_0586.jpg,train\live_train_0586.txt,1
train_vid_05,87,train\live_train_0587.jpg,train\live_train_0587.txt,1
train_vid_05,88,train\live_train_0588.jpg,train\live_train_0588.txt,1
train_vid_05,89,train\live_train_0589.jpg,train\live_train_0589.txt,1
train_vid_05,90,train\live_train_0590.jpg,train\live_train_0590.txt,1
train_vid_05,91,train\live_train_0591.jpg,train\live_train_0591.txt,1
train_vid_05,92,train\live_train_0592.jpg,train\live_train_0592.txt,1
train_vid_05,93,train\live_train_0593.jpg,train\live_train_0593.txt,1
train_vid_05,94,train\live_train_0594.jpg,train\live_train_0594.txt,1
train_vid_05,95,train\live_train_0595.jpg,train\live_train_0595.txt,1
train_vid_05,96,train\live_train_0596.jpg,train\live_train_0596.txt,1
train_vid_05,97,train\live_train_0597.jpg,train\live_train_0597.txt,1
train_vid_05,98,train\live_train_0598.jpg,train\live_train_0598.txt,1
train_vid_05,99,train\live_train_0599.jpg,train\live_train_0599.txt,1
train_vid_06,0,train\spoof_train_0600.jpg,train\spoof_train_0600.txt,0
train_vid_06,1,train\spoof_train_0601.jpg,train\spoof_train_0601.txt,0
train_vid_06,2,train\spoof_train_0602.jpg,train\spoof_train_0602.txt,0
train_vid_06,3,train\spoof_train_0603.jpg,train\spoof_train_0603.txt,0
train_vid_06,4,train\spoof_train_0604.jpg,train\spoof_train_0604.txt,0
train_vid_06,5,train\spoof_train_0605.jpg,train\spoof_train_0605.txt,0
train_vid_06,6,train\spoof_train_0606.jpg,train\spoof_train_0606.txt,0
train_vid_06,7,train\spoof_train_0607.jpg,train\spoof_train_0607.txt,0
train_vid_06,8,train\spoof_train_0608.jpg,train\spoof_train_0608.txt,0
train_vid_06,9,train\spoof_train_0609.jpg,train\spoof_train_0609.txt,0
train_vid_06,10,train\spoof_train_0610.jpg,train\spoof_train_0610.txt,0
train_vid_06,11,train\spoof_train_0611.jpg,train\spoof_train_0611.txt,0
train_vid_06,12,train\spoof_train_0612.jpg,train\spoof_train_0612.txt,0
train_vid_06,13,train\spoof_train_0613.jpg,train\spoof_train_0613.txt,0
train_vid_06,14,train\spoof_train_0614.jpg,train\spoof_train_0614.txt,0
train_vid_06,15,train\spoof_train_0615.jpg,train\spoof_train_0615.txt,0
train_vid_06,16,train\spoof_train_0616.jpg,train\spoof_train_0616.txt,0
train_vid_06,17,train\spoof_train_0617.jpg,train\spoof_train_0617.txt,0
train_vid_06,18,train\spoof_train_0618.jpg,train\spoof_train_0618.txt,0
train_vid_06,19,train\spoof_train_0619.jpg,train\spoof_train_0619.txt,0
train_vid_06,20,train\spoof_train_0620.jpg,train\spoof_train_0620.txt,0
train_vid_06,21,train\spoof_train_0621.jpg,train\spoof_train_0621.txt,0
train_vid_06,22,train\spoof_train_0622.jpg,train\spoof_train_0622.txt,0
train_vid_06,23,train\spoof_train_0623.jpg,train\spoof_train_0623.txt,0
train_vid_06,24,train\spoof_train_0624.jpg,train\spoof_train_0624.txt,0
train_vid_06,25,train\spoof_train_0625.jpg,train\spoof_train_0625.txt,0
train_vid_06,26,train\spoof_train_0626.jpg,train\spoof_train_0626.txt,0
train_vid_06,27,train\spoof_train_0627.jpg,train\spoof_train_0627.txt,0
train_vid_06,28,train\spoof_train_0628.jpg,train\spoof_train_0628.txt,0
train_vid_06,29,train\spoof_train_0629.jpg,train\spoof_train_0629.txt,0
train_vid_06,30,train\spoof_train_0630.jpg,train\spoof_train_0630.txt,0
train_vid_06,31,train\spoof_train_0631.jpg,train\spoof_train_0631.txt,0
train_vid_06,32,train\spoof_train_0632.jpg,train\spoof_train_0632.txt,0
train_vid_06,33,train\spoof_train_0633.jpg,train\spoof_train_0633.txt,0
train_vid_06,34,train\spoof_train_0634.jpg,train\spoof_train_0634.txt,0
train_vid_06,35,train\spoof_train_0635.jpg,train\spoof_train_0635.txt,0
train_vid_06,36,train\spoof_train_0636.jpg,train\spoof_train_0636.txt,0
train_vid_06,37,train\spoof_train_0637.jpg,train\spoof_train_0637.txt,0
train_vid_06,38,train\spoof_train_0638.jpg,train\spoof_train_0638.txt,0
train_vid_06,39,train\spoof_train_0639.jpg,train\spoof_train_0639.txt,0
train_vid_06,40,train\spoof_train_0640.jpg,train\spoof_train_0640.txt,0
train_vid_06,41,train\spoof_train_0641.jpg,train\spoof_train_0641.txt,0
train_vid_06,42,train\spoof_train_0642.jpg,train\spoof_train_0642.txt,0
train_vid_06,43,train\spoof_train_0643.jpg,train\spoof_train_0643.txt,0
train_vid_06,44,train\spoof_train_0644.jpg,train\spoof_train_0644.txt,0
train_vid_06,45,train\spoof_train_0645.jpg,train\spoof_train_0645.txt,0
train_vid_06,46,train\spoof_train_0646.jpg,train\spoof_train_0646.txt,0
train_vid_06,47,train\spoof_train_0647.jpg,train\spoof_train_0647.txt,0
train_vid_06,48,train\spoof_train_0648.jpg,train\spoof_train_0648.txt,0
train_vid_06,49,train\spoof_train_0649.jpg,train\spoof_train_0649.txt,0
train_vid_06,50,train\spoof_train_0650.jpg,train\spoof_train_0650.txt,0
train_vid_06,51,train\spoof_train_0651.jpg,train\spoof_train_0651.txt,0
train_vid_06,52,train\spoof_train_0652.jpg,train\spoof_train_0652.txt,0
train_vid_06,53,train\spoof_train_0653.jpg,train\spoof_train_0653.txt,0
train_vid_06,54,train\spoof_train_0654.jpg,train\spoof_train_0654.txt,0
train_vid_06,55,train\spoof_train_0655.jpg,train\spoof_train_0655.txt,0
train_vid_06,56,train\spoof_train_0656.jpg,train\spoof_train_0656.txt,0
train_vid_06,57,train\spoof_train_0657.jpg,train\spoof_train_0657.txt,0
train_vid_06,58,train\spoof_train_0658.jpg,train\spoof_train_0658.txt,0
train_vid_06,59,train\spoof_train_0659.jpg,train\spoof_train_0659.txt,0
train_vid_06,60,train\spoof_train_0660.jpg,train\spoof_train_0660.txt,0
train_vid_06,61,train\spoof_train_0661.jpg,train\spoof_train_0661.txt,0
train_vid_06,62,train\spoof_train_0662.jpg,train\spoof_train_0662.txt,0
train_vid_06,63,train\spoof_train_0663.jpg,train\spoof_train_0663.txt,0
train_vid_06,64,train\spoof_train_0664.jpg,train\spoof_train_0664.txt,0
train_vid_06,65,train\spoof_train_0665.jpg,train\spoof_train_0665.txt,0
train_vid_06,66,train\spoof_train_0666.jpg,train\spoof_train_0666.txt,0
train_vid_06,67,train\spoof_train_0667.jpg,train\spoof_train_0667.txt,0
train_vid_06,68,train\spoof_train_0668.jpg,train\spoof_train_0668.txt,0
train_vid_06,69,train\spoof_train_0669.jpg,train\spoof_train_0669.txt,0
train_vid_06,70,train\spoof_train_0670.jpg,train\spoof_train_0670.txt,0
train_vid_06,71,train\spoof_train_0671.jpg,train\spoof_train_0671.txt,0
train_vid_06,72,train\spoof_train_0672.jpg,train\spoof_train_0672.txt,0
train_vid_06,73,train\spoof_train_0673.jpg,train\spoof_train_0673.txt,0
train_vid_06,74,train\spoof_train_0674.jpg,train\spoof_train_0674.txt,0
train_vid_06,75,train\spoof_train_0675.jpg,train\spoof_train_0675.txt,0
train_vid_06,76,train\spoof_train_0676.jpg,train\spoof_train_0676.txt,0
train_vid_06,77,train\spoof_train_0677.jpg,train\spoof_train_0677.txt,0
train_vid_06,78,train\spoof_train_0678.jpg,train\spoof_train_0678.txt,0
train_vid_06,79,train\spoof_train_0679.jpg,train\spoof_train_0679.txt,0
train_vid_06,80,train\spoof_train_0680.jpg,train\spoof_train_0680.txt,0
train_vid_06,81,train\spoof_train_0681.jpg,train\spoof_train_0681.txt,0
train_vid_06,82,train\spoof_train_0682.jpg,train\spoof_train_0682.txt,0
train_vid_06,83,train\spoof_train_0683.jpg,train\spoof_train_0683.txt,0
train_vid_06,84,train\spoof_train_0684.jpg,train\spoof_train_0684.txt,0
train_vid_06,85,train\spoof_train_0685.jpg,train\spoof_train_0685.txt,0
train_vid_06,86,train\spoof_train_0686.jpg,train\spoof_train_0686.txt,0
train_vid_06,87,train\spoof_train_0687.jpg,train\spoof_train_0687.txt,0
train_vid_06,88,train\spoof_train_0688.jpg,train\spoof_train_0688.txt,0
train_vid_06,89,train\spoof_train_0689.jpg,train\spoof_train_0689.txt,0
train_vid_06,90,train\spoof_train_0690.jpg,train\spoof_train_0690.txt,0
train_vid_06,91,train\spoof_train_0691.jpg,train\spoof_train_0691.txt,0
train_vid_06,92,train\spoof_train_0692.jpg,train\spoof_train_0692.txt,0
train_vid_06,93,train\spoof_train_0693.jpg,train\spoof_train_0693.txt,0
train_vid_06,94,train\spoof_train_0694.jpg,train\spoof_train_0694.txt,0
train_vid_06,95,train\spoof_train_0695.jpg,train\spoof_train_0695.txt,0
train_vid_06,96,train\spoof_train_0696.jpg,train\spoof_train_0696.txt,0
train_vid_06,97,train\spoof_train_0697.jpg,train\spoof_train_0697.txt,0
train_vid_06,98,train\spoof_train_0698.jpg,train\spoof_train_0698.txt,0
train_vid_06,99,train\spoof_train_0699.jpg,train\spoof_train_0699.txt,0
train_vid_07,0,train\live_train_0700.jpg,train\live_train_0700.txt,1
train_vid_07,1,train\live_train_0701.jpg,train\live_train_0701.txt,1
train_vid_07,2,train\live_train_0702.jpg,train\live_train_0702.txt,1
train_vid_07,3,train\live_train_0703.jpg,train\live_train_0703.txt,1
train_vid_07,4,train\live_train_0704.jpg,train\live_train_0704.txt,1
train_vid_07,5,train\live_train_0705.jpg,train\live_train_0705.txt,1
train_vid_07,6,train\live_train_0706.jpg,train\live_train_0706.txt,1
train_vid_07,7,train\live_train_0707.jpg,train\live_train_0707.txt,1
train_vid_07,8,train\live_train_0708.jpg,train\live_train_0708.txt,1
train_vid_07,9,train\live_train_0709.jpg,train\live_train_0709.txt,1
train_vid_07,10,train\live_train_0710.jpg,train\live_train_0710.txt,1
train_vid_07,11,train\live_train_0711.jpg,train\live_train_0711.txt,1
train_vid_07,12,train\live_train_0712.jpg,train\live_train_0712.txt,1
train_vid_07,13,train\live_train_0713.jpg,train\live_train_0713.txt,1
train_vid_07,14,train\live_train_0714.jpg,train\live_train_0714.txt,1
train_vid_07,15,train\live_train_0715.jpg,train\live_train_0715.txt,1
train_vid_07,16,train\live_train_0716.jpg,train\live_train_0716.txt,1
train_vid_07,17,train\live_train_0717.jpg,train\live_train_0717.txt,1
train_vid_07,18,train\live_train_0718.jpg,train\live_train_0718.txt,1
train_vid_07,19,train\live_train_0719.jpg,train\live_train_0719.txt,1
train_vid_07,20,train\live_train_0720.jpg,train\live_train_0720.txt,1
train_vid_07,21,train\live_train_0721.jpg,train\live_train_0721.txt,1
train_vid_07,22,train\live_train_0722.jpg,train\live_train_0722.txt,1
train_vid_07,23,train\live_train_0723.jpg,train\live_train_0723.txt,1
train_vid_07,24,train\live_train_0724.jpg,train\live_train_0724.txt,1
train_vid_07,25,train\live_train_0725.jpg,train\live_train_0725.txt,1
train_vid_07,26,train\live_train_0726.jpg,train\live_train_0726.txt,1
train_vid_07,27,train\live_train_0727.jpg,train\live_train_0727.txt,1
train_vid_07,28,train\live_train_0728.jpg,train\live_train_0728.txt,1
train_vid_07,29,train\live_train_0729.jpg,train\live_train_0729.txt,1
train_vid_07,30,train\live_train_0730.jpg,train\live_train_0730.txt,1
train_vid_07,31,train\live_train_0731.jpg,train\live_train_0731.txt,1
train_vid_07,32,train\live_train_0732.jpg,train\live_train_0732.txt,1
train_vid_07,33,train\live_train_0733.jpg,train\live_train_0733.txt,1
train_vid_07,34,train\live_train_0734.jpg,train\live_train_0734.txt,1
train_vid_07,35,train\live_train_0735.jpg,train\live_train_0735.txt,1
train_vid_07,36,train\live_train_0736.jpg,train\live_train_0736.txt,1
train_vid_07,37,train\live_train_0737.jpg,train\live_train_0737.txt,1
train_vid_07,38,train\live_train_0738.jpg,train\live_train_0738.txt,1
train_vid_07,39,train\live_train_0739.jpg,train\live_train_0739.txt,1
train_vid_07,40,train\live_train_0740.jpg,train\live_train_0740.txt,1
train_vid_07,41,train\live_train_0741.jpg,train\live_train_0741.txt,1
train_vid_07,42,train\live_train_0742.jpg,train\live_train_0742.txt,1
train_vid_07,43,train\live_train_0743.jpg,train\live_train_0743.txt,1
train_vid_07,44,train\live_train_0744.jpg,train\live_train_0744.txt,1
train_vid_07,45,train\live_train_0745.jpg,train\live_train_0745.txt,1
train_vid_07,46,train\live_train_0746.jpg,train\live_train_0746.txt,1
train_vid_07,47,train\live_train_0747.jpg,train\live_train_0747.txt,1
train_vid_07,48,train\live_train_0748.jpg,train\live_train_0748.txt,1
train_vid_07,49,train\live_train_0749.jpg,train\live_train_0749.txt,1
train_vid_07,50,train\live_train_0750.jpg,train\live_train_0750.txt,1
train_vid_07,51,train\live_train_0751.jpg,train\live_train_0751.txt,1
train_vid_07,52,train\live_train_0752.jpg,train\live_train_0752.txt,1
train_vid_07,53,train\live_train_0753.jpg,train\live_train_0753.txt,1
train_vid_07,54,train\live_train_0754.jpg,train\live_train_0754.txt,1
train_vid_07,55,train\live_train_0755.jpg,train\live_train_0755.txt,1
train_vid_07,56,train\live_train_0756.jpg,train\live_train_0756.txt,1
train_vid_07,57,train\live_train_0757.jpg,train\live_train_0757.txt,1
train_vid_07,58,train\live_train_0758.jpg,train\live_train_0758.txt,1
train_vid_07,59,train\live_train_0759.jpg,train\live_train_0759.txt,1
train_vid_07,60,train\live_train_0760.jpg,train\live_train_0760.txt,1
train_vid_07,61,train\live_train_0761.jpg,train\live_train_0761.txt,1
train_vid_07,62,train\live_train_0762.jpg,train\live_train_0762.txt,1
train_vid_07,63,train\live_train_0763.jpg,train\live_train_0763.txt,1
train_vid_07,64,train\live_train_0764.jpg,train\live_train_0764.txt,1
train_vid_07,65,train\live_train_0765.jpg,train\live_train_0765.txt,1
train_vid_07,66,train\live_train_0766.jpg,train\live_train_0766.txt,1
train_vid_07,67,train\live_train_0767.jpg,train\live_train_0767.txt,1
train_vid_07,68,train\live_train_0768.jpg,train\live_train_0768.txt,1
train_vid_07,69,train\live_train_0769.jpg,train\live_train_0769.txt,1
train_vid_07,70,train\live_train_0770.jpg,train\live_train_0770.txt,1
train_vid_07,71,train\live_train_0771.jpg,train\live_train_0771.txt,1
train_vid_07,72,train\live_train_0772.jpg,train\live_train_0772.txt,1
train_vid_07,73,train\live_train_0773.jpg,train\live_train_0773.txt,1
train_vid_07,74,train\live_train_0774.jpg,train\live_train_0774.txt,1
train_vid_07,75,train\live_train_0775.jpg,train\live_train_0775.txt,1
train_vid_07,76,train\live_train_0776.jpg,train\live_train_0776.txt,1
train_vid_07,77,train\live_train_0777.jpg,train\live_train_0777.txt,1
train_vid_07,78,train\live_train_0778.jpg,train\live_train_0778.txt,1
train_vid_07,79,train\live_train_0779.jpg,train\live_train_0779.txt,1
train_vid_07,80,train\live_train_0780.jpg,train\live_train_0780.txt,1
train_vid_07,81,train\live_train_0781.jpg,train\live_train_0781.txt,1
train_vid_07,82,train\live_train_0782.jpg,train\live_train_0782.txt,1
train_vid_07,83,train\live_train_0783.jpg,train\live_train_0783.txt,1
train_vid_07,84,train\live_train_0784.jpg,train\live_train_0784.txt,1
train_vid_07,85,train\live_train_0785.jpg,train\live_train_0785.txt,1
train_vid_07,86,train\live_train_0786.jpg,train\live_train_0786.txt,1
train_vid_07,87,train\live_train_0787.jpg,train\live_train_0787.txt,1
train_vid_07,88,train\live_train_0788.jpg,train\live_train_0788.txt,1
train_vid_07,89,train\live_train_0789.jpg,train\live_train_0789.txt,1
train_vid_07,90,train\live_train_0790.jpg,train\live_train_0790.txt,1
train_vid_07,91,train\live_train_0791.jpg,train\live_train_0791.txt,1
train_vid_07,92,train\live_train_0792.jpg,train\live_train_0792.txt,1
train_vid_07,93,train\live_train_0793.jpg,train\live_train_0793.txt,1
train_vid_07,94,train\live_train_0794.jpg,train\live_train_0794.txt,1
train_vid_07,95,train\live_train_0795.jpg,train\live_train_0795.txt,1
train_vid_07,96,train\live_train_0796.jpg,train\live_train_0796.txt,1
train_vid_07,97,train\live_train_0797.jpg,train\live_train_0797.txt,1
train_vid_07,98,train\live_train_0798.jpg,train\live_train_0798.txt,1
train_vid_07,99,train\live_train_0799.jpg,train\live_train_0799.txt,1
train_vid_08,0,train\spoof_train_0800.jpg,train\spoof_train_0800.txt,0
train_vid_08,1,train\spoof_train_0801.jpg,train\spoof_train_0801.txt,0
train_vid_08,2,train\spoof_train_0802.jpg,train\spoof_train_0802.txt,0
train_vid_08,3,train\spoof_train_0803.jpg,train\spoof_train_0803.txt,0
train_vid_08,4,train\spoof_train_0804.jpg,train\spoof_train_0804.txt,0
train_vid_08,5,train\spoof_train_0805.jpg,train\spoof_train_0805.txt,0
train_vid_08,6,train\spoof_train_0806.jpg,train\spoof_train_0806.txt,0
train_vid_08,7,train\spoof_train_0807.jpg,train\spoof_train_0807.txt,0
train_vid_08,8,train\spoof_train_0808.jpg,train\spoof_train_0808.txt,0
train_vid_08,9,train\spoof_train_0809.jpg,train\spoof_train_0809.txt,0
train_vid_08,10,train\spoof_train_0810.jpg,train\spoof_train_0810.txt,0
train_vid_08,11,train\spoof_train_0811.jpg,train\spoof_train_0811.txt,0
train_vid_08,12,train\spoof_train_0812.jpg,train\spoof_train_0812.txt,0
train_vid_08,13,train\spoof_train_0813.jpg,train\spoof_train_0813.txt,0
train_vid_08,14,train\spoof_train_0814.jpg,train\spoof_train_0814.txt,0
train_vid_08,15,train\spoof_train_0815.jpg,train\spoof_train_0815.txt,0
train_vid_08,16,train\spoof_train_0816.jpg,train\spoof_train_0816.txt,0
train_vid_08,17,train\spoof_train_0817.jpg,train\spoof_train_0817.txt,0
train_vid_08,18,train\spoof_train_0818.jpg,train\spoof_train_0818.txt,0
train_vid_08,19,train\spoof_train_0819.jpg,train\spoof_train_0819.txt,0
train_vid_08,20,train\spoof_train_0820.jpg,train\spoof_train_0820.txt,0
train_vid_08,21,train\spoof_train_0821.jpg,train\spoof_train_0821.txt,0
train_vid_08,22,train\spoof_train_0822.jpg,train\spoof_train_0822.txt,0
train_vid_08,23,train\spoof_train_0823.jpg,train\spoof_train_0823.txt,0
train_vid_08,24,train\spoof_train_0824.jpg,train\spoof_train_0824.txt,0
train_vid_08,25,train\spoof_train_0825.jpg,train\spoof_train_0825.txt,0
train_vid_08,26,train\spoof_train_0826.jpg,train\spoof_train_0826.txt,0
train_vid_08,27,train\spoof_train_0827.jpg,train\spoof_train_0827.txt,0
train_vid_08,28,train\spoof_train_0828.jpg,train\spoof_train_0828.txt,0
train_vid_08,29,train\spoof_train_0829.jpg,train\spoof_train_0829.txt,0
train_vid_08,30,train\spoof_train_0830.jpg,train\spoof_train_0830.txt,0
train_vid_08,31,train\spoof_train_0831.jpg,train\spoof_train_0831.txt,0
train_vid_08,32,train\spoof_train_0832.jpg,train\spoof_train_0832.txt,0
train_vid_08,33,train\spoof_train_0833.jpg,train\spoof_train_0833.txt,0
train_vid_08,34,train\spoof_train_0834.jpg,train\spoof_train_0834.txt,0
train_vid_08,35,train\spoof_train_0835.jpg,train\spoof_train_0835.txt,0
train_vid_08,36,train\spoof_train_0836.jpg,train\spoof_train_0836.txt,0
train_vid_08,37,train\spoof_train_0837.jpg,train\spoof_train_0837.txt,0
train_vid_08,38,train\spoof_train_0838.jpg,train\spoof_train_0838.txt,0
train_vid_08,39,train\spoof_train_0839.jpg,train\spoof_train_0839.txt,0
train_vid_08,40,train\spoof_train_0840.jpg,train\spoof_train_0840.txt,0
train_vid_08,41,train\spoof_train_0841.jpg,train\spoof_train_0841.txt,0
train_vid_08,42,train\spoof_train_0842.jpg,train\spoof_train_0842.txt,0
train_vid_08,43,train\spoof_train_0843.jpg,train\spoof_train_0843.txt,0
train_vid_08,44,train\spoof_train_0844.jpg,train\spoof_train_0844.txt,0
train_vid_08,45,train\spoof_train_0845.jpg,train\spoof_train_0845.txt,0
train_vid_08,46,train\spoof_train_0846.jpg,train\spoof_train_0846.txt,0
train_vid_08,47,train\spoof_train_0847.jpg,train\spoof_train_0847.txt,0
train_vid_08,48,train\spoof_train_0848.jpg,train\spoof_train_0848.txt,0
train_vid_08,49,train\spoof_train_0849.jpg,train\spoof_train_0849.txt,0
train_vid_08,50,train\spoof_train_0850.jpg,train\spoof_train_0850.txt,0
train_vid_08,51,train\spoof_train_0851.jpg,train\spoof_train_0851.txt,0
train_vid_08,52,train\spoof_train_0852.jpg,train\spoof_train_0852.txt,0
train_vid_08,53,train\spoof_train_0853.jpg,train\spoof_train_0853.txt,0
train_vid_08,54,train\spoof_train_0854.jpg,train\spoof_train_0854.txt,0
train_vid_08,55,train\spoof_train_0855.jpg,train\spoof_train_0855.txt,0
train_vid_08,56,train\spoof_train_0856.jpg,train\spoof_train_0856.txt,0
train_vid_08,57,train\spoof_train_0857.jpg,train\spoof_train_0857.txt,0
train_vid_08,58,train\spoof_train_0858.jpg,train\spoof_train_0858.txt,0
train_vid_08,59,train\spoof_train_0859.jpg,train\spoof_train_0859.txt,0
train_vid_08,60,train\spoof_train_0860.jpg,train\spoof_train_0860.txt,0
train_vid_08,61,train\spoof_train_0861.jpg,train\spoof_train_0861.txt,0
train_vid_08,62,train\spoof_train_0862.jpg,train\spoof_train_0862.txt,0
train_vid_08,63,train\spoof_train_0863.jpg,train\spoof_train_0863.txt,0
train_vid_08,64,train\spoof_train_0864.jpg,train\spoof_train_0864.txt,0
train_vid_08,65,train\spoof_train_0865.jpg,train\spoof_train_0865.txt,0
train_vid_08,66,train\spoof_train_0866.jpg,train\spoof_train_0866.txt,0
train_vid_08,67,train\spoof_train_0867.jpg,train\spoof_train_0867.txt,0
train_vid_08,68,train\spoof_train_0868.jpg,train\spoof_train_0868.txt,0
train_vid_08,69,train\spoof_train_0869.jpg,train\spoof_train_0869.txt,0
train_vid_08,70,train\spoof_train_0870.jpg,train\spoof_train_0870.txt,0
train_vid_08,71,train\spoof_train_0871.jpg,train\spoof_train_0871.txt,0
train_vid_08,72,train\spoof_train_0872.jpg,train\spoof_train_0872.txt,0
train_vid_08,73,train\spoof_train_0873.jpg,train\spoof_train_0873.txt,0
train_vid_08,74,train\spoof_train_0874.jpg,train\spoof_train_0874.txt,0
train_vid_08,75,train\spoof_train_0875.jpg,train\spoof_train_0875.txt,0
train_vid_08,76,train\spoof_train_0876.jpg,train\spoof_train_0876.txt,0
train_vid_08,77,train\spoof_train_0877.jpg,train\spoof_train_0877.txt,0
train_vid_08,78,train\spoof_train_0878.jpg,train\spoof_train_0878.txt,0
train_vid_08,79,train\spoof_train_0879.jpg,train\spoof_train_0879.txt,0
train_vid_08,80,train\spoof_train_0880.jpg,train\spoof_train_0880.txt,0
train_vid_08,81,train\spoof_train_0881.jpg,train\spoof_train_0881.txt,0
train_vid_08,82,train\spoof_train_0882.jpg,train\spoof_train_0882.txt,0
train_vid_08,83,train\spoof_train_0883.jpg,train\spoof_train_0883.txt,0
train_vid_08,84,train\spoof_train_0884.jpg,train\spoof_train_0884.txt,0
train_vid_08,85,train\spoof_train_0885.jpg,train\spoof_train_0885.txt,0
train_vid_08,86,train\spoof_train_0886.jpg,train\spoof_train_0886.txt,0
train_vid_08,87,train\spoof_train_0887.jpg,train\spoof_train_0887.txt,0
train_vid_08,88,train\spoof_train_0888.jpg,train\spoof_train_0888.txt,0
train_vid_08,89,train\spoof_train_0889.jpg,train\spoof_train_0889.txt,0
train_vid_08,90,train\spoof_train_0890.jpg,train\spoof_train_0890.txt,0
train_vid_08,91,train\spoof_train_0891.jpg,train\spoof_train_0891.txt,0
train_vid_08,92,train\spoof_train_0892.jpg,train\spoof_train_0892.txt,0
train_vid_08,93,train\spoof_train_0893.jpg,train\spoof_train_0893.txt,0
train_vid_08,94,train\spoof_train_0894.jpg,train\spoof_train_0894.txt,0
train_vid_08,95,train\spoof_train_0895.jpg,train\spoof_train_0895.txt,0
train_vid_08,96,train\spoof_train_0896.jpg,train\spoof_train_0896.txt,0
train_vid_08,97,train\spoof_train_0897.jpg,train\spoof_train_0897.txt,0
train_vid_08,98,train\spoof_train_0898.jpg,train\spoof_train_0898.txt,0
train_vid_08,99,train\spoof_train_0899.jpg,train\spoof_train_0899.txt,0
train_vid_09,0,train\live_train_0900.jpg,train\live_train_0900.txt,1
train_vid_09,1,train\live_train_0901.jpg,train\live_train_0901.txt,1
train_vid_09,2,train\live_train_0902.jpg,train\live_train_0902.txt,1
train_vid_09,3,train\live_train_0903.jpg,train\live_train_0903.txt,1
train_vid_09,4,train\live_train_0904.jpg,train\live_train_0904.txt,1
train_vid_09,5,train\live_train_0905.jpg,train\live_train_0905.txt,1
train_vid_09,6,train\live_train_0906.jpg,train\live_train_0906.txt,1
train_vid_09,7,train\live_train_0907.jpg,train\live_train_0907.txt,1
train_vid_09,8,train\live_train_0908.jpg,train\live_train_0908.txt,1
train_vid_09,9,train\live_train_0909.jpg,train\live_train_0909.txt,1
train_vid_09,10,train\live_train_0910.jpg,train\live_train_0910.txt,1
train_vid_09,11,train\live_train_0911.jpg,train\live_train_0911.txt,1
train_vid_09,12,train\live_train_0912.jpg,train\live_train_0912.txt,1
train_vid_09,13,train\live_train_0913.jpg,train\live_train_0913.txt,1
train_vid_09,14,train\live_train_0914.jpg,train\live_train_0914.txt,1
train_vid_09,15,train\live_train_0915.jpg,train\live_train_0915.txt,1
train_vid_09,16,train\live_train_0916.jpg,train\live_train_0916.txt,1
train_vid_09,17,train\live_train_0917.jpg,train\live_train_0917.txt,1
train_vid_09,18,train\live_train_0918.jpg,train\live_train_0918.txt,1
train_vid_09,19,train\live_train_0919.jpg,train\live_train_0919.txt,1
train_vid_09,20,train\live_train_0920.jpg,train\live_train_0920.txt,1
train_vid_09,21,train\live_train_0921.jpg,train\live_train_0921.txt,1
train_vid_09,22,train\live_train_0922.jpg,train\live_train_0922.txt,1
train_vid_09,23,train\live_train_0923.jpg,train\live_train_0923.txt,1
train_vid_09,24,train\live_train_0924.jpg,train\live_train_0924.txt,1
train_vid_09,25,train\live_train_0925.jpg,train\live_train_0925.txt,1
train_vid_09,26,train\live_train_0926.jpg,train\live_train_0926.txt,1
train_vid_09,27,train\live_train_0927.jpg,train\live_train_0927.txt,1
train_vid_09,28,train\live_train_0928.jpg,train\live_train_0928.txt,1
train_vid_09,29,train\live_train_0929.jpg,train\live_train_0929.txt,1
train_vid_09,30,train\live_train_0930.jpg,train\live_train_0930.txt,1
train_vid_09,31,train\live_train_0931.jpg,train\live_train_0931.txt,1
train_vid_09,32,train\live_train_0932.jpg,train\live_train_0932.txt,1
train_vid_09,33,train\live_train_0933.jpg,train\live_train_0933.txt,1
train_vid_09,34,train\live_train_0934.jpg,train\live_train_0934.txt,1
train_vid_09,35,train\live_train_0935.jpg,train\live_train_0935.txt,1
train_vid_09,36,train\live_train_0936.jpg,train\live_train_0936.txt,1
train_vid_09,37,train\live_train_0937.jpg,train\live_train_0937.txt,1
train_vid_09,38,train\live_train_0938.jpg,train\live_train_0938.txt,1
train_vid_09,39,train\live_train_0939.jpg,train\live_train_0939.txt,1
train_vid_09,40,train\live_train_0940.jpg,train\live_train_0940.txt,1
train_vid_09,41,train\live_train_0941.jpg,train\live_train_0941.txt,1
train_vid_09,42,train\live_train_0942.jpg,train\live_train_0942.txt,1
train_vid_09,43,train\live_train_0943.jpg,train\live_train_0943.txt,1
train_vid_09,44,train\live_train_0944.jpg,train\live_train_0944.txt,1
train_vid_09,45,train\live_train_0945.jpg,train\live_train_0945.txt,1
train_vid_09,46,train\live_train_0946.jpg,train\live_train_0946.txt,1
train_vid_09,47,train\live_train_0947.jpg,train\live_train_0947.txt,1
train_vid_09,48,train\live_train_0948.jpg,train\live_train_0948.txt,1
train_vid_09,49,train\live_train_0949.jpg,train\live_train_0949.txt,1
train_vid_09,50,train\live_train_0950.jpg,train\live_train_0950.txt,1
train_vid_09,51,train\live_train_0951.jpg,train\live_train_0951.txt,1
train_vid_09,52,train\live_train_0952.jpg,train\live_train_0952.txt,1
train_vid_09,53,train\live_train_0953.jpg,train\live_train_0953.txt,1
train_vid_09,54,train\live_train_0954.jpg,train\live_train_0954.txt,1
train_vid_09,55,train\live_train_0955.jpg,train\live_train_0955.txt,1
train_vid_09,56,train\live_train_0956.jpg,train\live_train_0956.txt,1
train_vid_09,57,train\live_train_0957.jpg,train\live_train_0957.txt,1
train_vid_09,58,train\live_train_0958.jpg,train\live_train_0958.txt,1
train_vid_09,59,train\live_train_0959.jpg,train\live_train_0959.txt,1
train_vid_09,60,train\live_train_0960.jpg,train\live_train_0960.txt,1
train_vid_09,61,train\live_train_0961.jpg,train\live_train_0961.txt,1
train_vid_09,62,train\live_train_0962.jpg,train\live_train_0962.txt,1
train_vid_09,63,train\live_train_0963.jpg,train\live_train_0963.txt,1
train_vid_09,64,train\live_train_0964.jpg,train\live_train_0964.txt,1
train_vid_09,65,train\live_train_0965.jpg,train\live_train_0965.txt,1
train_vid_09,66,train\live_train_0966.jpg,train\live_train_0966.txt,1
train_vid_09,67,train\live_train_0967.jpg,train\live_train_0967.txt,1
train_vid_09,68,train\live_train_0968.jpg,train\live_train_0968.txt,1
train_vid_09,69,train\live_train_0969.jpg,train\live_train_0969.txt,1
train_vid_09,70,train\live_train_0970.jpg,train\live_train_0970.txt,1
train_vid_09,71,train\live_train_0971.jpg,train\live_train_0971.txt,1
train_vid_09,72,train\live_train_0972.jpg,train\live_train_0972.txt,1
train_vid_09,73,train\live_train_0973.jpg,train\live_train_0973.txt,1
train_vid_09,74,train\live_train_0974.jpg,train\live_train_0974.txt,1
train_vid_09,75,train\live_train_0975.jpg,train\live_train_0975.txt,1
train_vid_09,76,train\live_train_0976.jpg,train\live_train_0976.txt,1
train_vid_09,77,train\live_train_0977.jpg,train\live_train_0977.txt,1
train_vid_09,78,train\live_train_0978.jpg,train\live_train_0978.txt,1
train_vid_09,79,train\live_train_0979.jpg,train\live_train_0979.txt,1
train_vid_09,80,train\live_train_0980.jpg,train\live_train_0980.txt,1
train_vid_09,81,train\live_train_0981.jpg,train\live_train_0981.txt,1
train_vid_09,82,train\live_train_0982.jpg,train\live_train_0982.txt,1
train_vid_09,83,train\live_train_0983.jpg,train\live_train_0983.txt,1
train_vid_09,84,train\live_train_0984.jpg,train\live_train_0984.txt,1
train_vid_09,85,train\live_train_0985.jpg,train\live_train_0985.txt,1
train_vid_09,86,train\live_train_0986.jpg,train\live_train_0986.txt,1
train_vid_09,87,train\live_train_0987.jpg,train\live_train_0987.txt,1
train_vid_09,88,train\live_train_0988.jpg,train\live_train_0988.txt,1
train_vid_09,89,train\live_train_0989.jpg,train\live_train_0989.txt,1
train_vid_09,90,train\live_train_0990.jpg,train\live_train_0990.txt,1
train_vid_09,91,train\live_train_0991.jpg,train\live_train_0991.txt,1
train_vid_09,92,train\live_train_0992.jpg,train\live_train_0992.txt,1
train_vid_09,93,train\live_train_0993.jpg,train\live_train_0993.txt,1
train_vid_09,94,train\live_train_0994.jpg,train\live_train_0994.txt,1
train_vid_09,95,train\live_train_0995.jpg,train\live_train_0995.txt,1
train_vid_09,96,train\live_train_0996.jpg,train\live_train_0996.txt,1
train_vid_09,97,train\live_train_0997.jpg,train\live_train_0997.txt,1
train_vid_09,98,train\live_train_0998.jpg,train\live_train_0998.txt,1
train_vid_09,99,train\live_train_0999.jpg,train\live_train_0999.txt,1
